date,rank_ic,ndcg5,ndcg10,ndcg20,top5_return,top10_return,bottom5_return,bottom10_return,top5_bottom5_spread,top10_bottom10_spread,top5_hit_rate,number_of_stocks,prediction_score_std
2024-01-05,0.015025547631473662,0.5614038180827959,0.5153113236727639,0.5422598188052683,-0.0017747251134348039,-0.006345867708138474,-0.007507548823715127,-0.0053093508424305776,0.005732823710280323,-0.0010365168657078963,0.4,100,0.08469370752573013
2024-01-12,-0.02641543401831087,0.7003109543255518,0.6362123863529774,0.6175074044252948,0.0007541209940771937,-0.00027003100017897826,-0.003799668967946296,-0.0048198432407791985,0.0045537899620234894,0.004549812240600221,0.4,100,0.0966084897518158
2024-01-19,-0.2567567567752474,0.48742084950794295,0.45226692886235176,0.4274795591131764,-0.0046423102653949215,-0.005547955041390501,-0.0015528651722774873,-9.219173645304132e-05,-0.0030894450931174345,-0.00545576330493746,0.6,100,0.09339526295661926
2024-01-26,-0.05747374737473747,0.12818705849014295,0.313583373765064,0.40744964524121724,-0.0153853092281413,-0.002834422304570218,-0.0017844514353603808,-0.0004110010787444421,-0.01360085779278092,-0.002423421225825776,0.2,100,0.09231224656105042
2024-02-02,0.14168616861686165,0.9385392811102062,0.8404748023349312,0.7157907810212547,0.016640195747216716,0.009085806727768464,-0.0113391899977346,-0.013359300912884809,0.027979385744951315,0.022445107640653272,1.0,100,0.07932677865028381
2024-02-09,-0.11176151143618089,0.19351195257419476,0.3500203335194669,0.44034364147842986,-0.009422053101101883,-0.002784937576086581,0.004736193107472463,0.0031084123346583744,-0.014158246208574346,-0.005893349910744956,0.0,100,0.08536406606435776
2024-02-16,-0.10745874587458745,0.6121289541918574,0.5931259056993311,0.563410443609252,0.007717433424277965,0.0067215377692581586,0.009954100860960408,0.006080905387889256,-0.0022366674366824423,0.000640632381368903,0.6,100,0.07976026087999344
2024-02-23,-0.002796279627962796,0.4729990903500379,0.4550112205660303,0.5235858071755072,0.0013689023914953062,-0.0003467847995050104,0.011580708449264187,0.00623704877250964,-0.01021180605776888,-0.00658383357201465,0.6,100,0.08542736619710922
2024-03-01,0.25336933693369335,0.6678717271264363,0.6130997505135989,0.6220752861016091,0.005232272887773734,0.004169504766671897,-0.00474710874015222,-0.0036427101456272164,0.009979381627925953,0.0078122149122991135,0.8,100,0.08483703434467316
2024-03-08,-0.22087008700870087,0.6304984819164632,0.4623821606615625,0.4320605482195173,0.010746411328567995,-7.354070596006581e-05,0.008224831730408388,0.007794103977276086,0.0025215795981596064,-0.007867644683236152,0.6,100,0.08272339403629303
2024-03-15,0.18456645664566454,0.35972200194762544,0.4414960666744189,0.43486200112142465,-0.008894506965041205,-0.006075329940258482,-0.01388946874741189,-0.015472491955749651,0.004994961782370685,0.009397162015491168,0.0,100,0.07120540738105774
2024-03-22,0.1442904290429043,0.5370245185296774,0.5820684878766944,0.5678321006686319,-0.008003847621667568,-0.004053951744822315,-0.008345779740780922,-0.0064066989776701885,0.00034193211911335425,0.0023527472328478734,0.6,100,0.09147614240646362
2024-03-28,-0.0927212721272127,0.5910740455168781,0.5329446684626645,0.577567715624972,0.0004713613580637446,0.0001274139007769147,0.009735909947120935,0.005767538423611921,-0.00926454858905719,-0.005640124522835006,0.4,100,0.08895059674978256
2024-04-05,0.17484000852166456,0.5255731215911286,0.540421547348407,0.5955947428966294,-0.008588174847818883,-0.0012455045011915578,-0.01571445290782266,-0.01721468352773441,0.007126278060003778,0.01596917902654285,0.2,100,0.07365000247955322
2024-04-12,-0.09789378937893789,0.41874630825977754,0.397982024661107,0.5128902098541226,0.011319114700684722,0.009505149469881345,0.02099340067792192,0.018560428092803317,-0.009674285977237197,-0.009055278622921973,1.0,100,0.06706903129816055
2024-04-19,-0.04766876687668767,0.6688316594702742,0.5536651139269326,0.5422971759486487,0.0016167847127505942,-0.001898458599689945,-0.006083281348439735,-0.005796159591739404,0.007700066061190329,0.0038977009920494595,0.8,100,0.054671481251716614
2024-04-26,0.054558110512306,0.30201064670818345,0.33796712859537814,0.3986633308769185,-0.007285065456023991,-0.010525166925592322,-0.012541217205261909,-0.01015620541135889,0.005256151749237917,-0.00036896151423343286,0.0,100,0.07590742409229279
2024-05-03,0.06417041704170416,0.3698137500560983,0.5044381876464449,0.5062777779584954,-0.0017246050203521385,0.00497594888331056,-0.007565080443445478,-0.006790022328740476,0.005840475423093339,0.011765971212051037,0.2,100,0.08738571405410767
2024-05-10,-0.021374137413741372,0.433216734150436,0.4816447375327062,0.4373511915203034,-0.008006636325789199,-0.005381337704732247,-0.009550192900627842,-0.008347176183566543,0.0015435565748386434,0.002965838478834296,0.4,100,0.08624456077814102
2024-05-17,0.11087341996275514,0.33192597681598063,0.4368651172663385,0.5555210832668784,-0.010398309255512226,0.0009701272409137818,-0.004793960533879757,-0.00438163884972557,-0.0056043487216324685,0.005351766090639351,0.2,100,0.08753906935453415
2024-05-24,0.0475007500750075,0.5893077592695981,0.5474362332899716,0.5750405158549682,0.017769429499820313,0.012974235737069333,0.022836975747653393,0.016356199029002136,-0.00506754624783308,-0.0033819632919328026,0.8,100,0.07018492370843887
2024-05-31,0.026642664266426638,0.46098548313628496,0.42559002745743385,0.5303677824233799,-0.005545574693340202,-0.006078666594979498,-0.02079533452700774,-0.011696726738541125,0.01524975983366754,0.005618060143561627,0.2,100,0.06308147311210632
2024-06-07,0.09069306930693069,0.5575649500589461,0.624020652262532,0.5719855270171482,-0.004689532796180307,-0.000695815111492024,-0.0088513147978808,-0.0018439667860407033,0.004161782001700493,0.0011481516745486793,0.6,100,0.07857706397771835
2024-06-14,0.04842484248424842,0.5316918194047092,0.4850438080237605,0.5673996518791116,-0.0011665339475224704,-0.0007001333936947676,0.00013923025950079645,0.00567416829500072,-0.0013057642070232669,-0.0063743016886954875,0.6,100,0.06074393540620804
2024-06-21,-0.08849684968496849,0.39747458298678984,0.39698584011576254,0.4359397345249271,-0.02020294464410746,-0.01245104979682533,0.009090874084573415,0.004453960661127207,-0.029293818728680872,-0.016905010457952535,0.2,100,0.0707276463508606
2024-06-28,-0.10162046690854891,0.5209980333101983,0.5387634944071056,0.46859531562534945,-0.004619142847093133,-0.001165752626360647,-0.012143736506417585,-0.0055362871446660526,0.007524593659324452,0.004370534518305405,0.4,100,0.07275310158729553
2024-07-05,0.09931022895402919,0.5032246325705753,0.4803138208442624,0.48924260544419457,0.00033359704908014174,-0.0010203252151165401,-0.005107416855367979,-0.002531364233522239,0.00544101390444812,0.0015110390184056987,0.6,100,0.07043980807065964
2024-07-12,-0.08864086408640863,0.3140650661204641,0.453249186304784,0.4067916021089777,-0.014825318234818289,-0.008804531902306713,-0.005968597159752518,-0.004763552048729756,-0.008856721075065771,-0.004040979853576957,0.2,100,0.07860180735588074
2024-07-19,0.1431023102310231,0.40517661627498697,0.46295545102481894,0.5550888241297578,0.007153569213931397,0.00964516920745336,0.010210235472745794,0.007362525158339447,-0.0030566662588143965,0.002282644049113913,0.6,100,0.08107137680053711
2024-07-26,-0.16898940590956918,0.4646065246322155,0.4141283611515987,0.4410746102281312,-0.017514109694550327,-0.011519958410583269,-0.0039778360952857,0.0023918360350387497,-0.013536273599264627,-0.013911794445622018,0.6,100,0.07059084624052048
2024-08-02,0.09676567656765676,0.3186664715017133,0.41130353337421877,0.5115833593117204,0.009950306988244582,0.00508652929654786,-0.00873383918001518,-0.009619833716304448,0.018684146168259762,0.014706363012852308,0.4,100,0.0744093507528305
2024-08-09,0.1935193519351935,0.49058956575921425,0.4850010274168872,0.5031295201595992,0.006571691688430947,0.002347206064171469,-0.014485916086333917,-0.0075555705818348366,0.021057607774764862,0.009902776646006306,0.6,100,0.08309262990951538
2024-08-16,0.17593212100925573,0.8331675319834845,0.8057751500133681,0.699304610410925,0.018873727424669764,0.017977061212864826,0.014849666826516927,0.008525900769107437,0.0040240605981528375,0.009451160443757389,1.0,100,0.08129292726516724
2024-08-23,0.1377621895061391,0.49014216702791646,0.5000035662550243,0.5205855735734267,-0.00117139323097016,0.0011248792571862806,-0.01019189858154769,-0.007725460447374271,0.00902050535057753,0.008850339704560551,0.4,100,0.0843307226896286
2024-08-30,-0.023378337833783375,0.5856254740336589,0.5413982300349894,0.579267267711515,-0.024116426919122393,-0.015978603112554106,0.011401337520156896,0.0004958080092716012,-0.03551776443927929,-0.016474411121825707,0.6,100,0.0843498632311821
2024-09-06,-0.07364558549563748,0.36322724741195594,0.423651251532941,0.46085374112403366,0.002490136048969029,0.003734379955128779,0.01081523752932588,0.008182669154266688,-0.008325101480356851,-0.004448289199137909,0.6,100,0.08331924676895142
2024-09-13,-0.09537353735373537,0.535731998998448,0.44924932287787805,0.5054207647321648,-0.017246054901524466,-0.014169663603031213,-0.0008475804526155725,-0.0003244794417585379,-0.016398474448908892,-0.013845184161272674,0.4,100,0.07847972214221954
2024-09-20,0.04080420283307544,0.44087108519357343,0.5069365089715541,0.4989300641407388,-0.0019439137640082603,0.0014332961286095873,0.003035035599398617,0.002735148447680901,-0.004978949363406877,-0.001301852319071314,0.2,100,0.07525985687971115
2024-09-27,0.13440184339047406,0.5848007593329912,0.487538534478506,0.502265235329946,0.007590884852235462,0.0027433475440589933,0.0034259442665207987,0.002419478768020876,0.004164940585714663,0.0003238687760381172,0.8,100,0.07202257961034775
2024-10-04,-0.08810186741549458,0.40669186340527996,0.39684256526946987,0.4193439255265832,0.0017050877658910755,0.0015769402119593465,-0.0042179015530407465,0.0019256504624325407,0.005922989318931822,-0.0003487102504731942,0.8,100,0.08561112731695175
2024-10-11,-0.16547453315962937,0.5537484825519646,0.46217579347174637,0.4810994378211928,-3.510344955376232e-05,-0.0065226368164063575,0.004159779913343389,0.00495824779726634,-0.0041948833628971515,-0.011480884613672696,0.6,100,0.0840684175491333
2024-10-18,-0.03511551155115511,0.431876481489713,0.44173610856745543,0.4087448949814659,-0.01062787768306427,-0.008934989295782656,-0.011460946005323349,-0.007238217072001503,0.0008330683222590798,-0.0016967722237811534,0.0,100,0.09081912785768509
2024-10-25,-0.13773777377737773,0.2916086864869704,0.2657555886252042,0.40382932296023544,-0.015918719524828144,-0.013755929813939107,0.0009677686683478924,0.0013856978308051768,-0.016886488193176036,-0.015141627644744284,0.2,100,0.07896192371845245
2024-11-01,-0.1163170275154575,0.2715613924008886,0.2966499818188511,0.36692714070379057,-0.0021180811442182285,-0.0013477685735486943,0.010677177723676,0.009532149935759075,-0.012795258867894229,-0.010879918509307768,0.6,100,0.1083785891532898
2024-11-08,-0.16874938118702168,0.2805355900054852,0.28959842626898513,0.3922584842634171,-0.01978394403079376,-0.023934023556834653,0.006934678745683656,-0.0012420947662718552,-0.026718622776477418,-0.0226919287905628,0.0,100,0.11550996452569962
2024-11-15,-0.12943294329432942,0.47375672663629287,0.4438132775772755,0.4633393936711793,-0.0036594873983810663,-0.010688282557793567,0.004867663140980718,0.006918247459430475,-0.008527150539361785,-0.017606530017224044,0.8,100,0.11111272871494293
2024-11-22,0.25219321932193217,0.6536716856376844,0.6093803976310282,0.6485330768462841,0.00914645451818052,0.006985813691385295,-0.017423161092680828,-0.014167570205958583,0.026569615610861345,0.021153383897343878,0.8,100,0.11847447603940964
2024-11-29,-0.14797479747974795,0.2842178497992073,0.36481929551071635,0.43393555599067185,-0.0232082751630024,-0.01097756667803437,-0.00949237798172333,-0.00876712407611226,-0.01371589718127907,-0.0022104426019221093,0.0,100,0.11342137306928635
2024-12-06,-0.006948778263665898,0.18237175223607985,0.3608969516513295,0.4100813489495153,-0.012868229875747695,-0.005367003474107284,-0.01061976576686228,-0.010270301757644533,-0.002248464108885415,0.004903298283537249,0.0,100,0.08883567154407501
2024-12-13,-0.10234623462346233,0.547027772194563,0.4954450117658823,0.5324232795573022,0.003985517638341126,0.0029260571085702107,0.01868432234771005,0.012551827095846319,-0.014698804709368926,-0.009625769987276107,0.8,100,0.08157700300216675
2024-12-20,0.04958910767831404,0.4804978176507414,0.5129405499193787,0.5502759276168177,0.0023910424385170568,0.002421411400068252,0.002790946224861214,0.013820059194211576,-0.0003999037863441574,-0.011398647794143325,0.6,100,0.050485897809267044
2024-12-27,0.1975163441843399,0.7980954817079828,0.8003190999203876,0.7166498583478272,0.01185972200439538,0.009017795936697048,-0.007417751873206697,-0.0047837275070808025,0.019277473877602078,0.01380152344377785,0.8,100,0.052783336490392685
2025-01-03,0.08757275727572755,0.4137043996359795,0.42103767910732015,0.5293101402714414,-0.01603092494629711,-0.016056389991754356,-0.019266562451114046,-0.006767381441991925,0.003235637504816938,-0.009289008549762431,0.2,100,0.05805115029215813
2025-01-10,-0.028058805880588056,0.3455900742454137,0.38677203191859,0.44261747797399287,-0.007685784274795453,-0.006461449797745237,0.003986416835811959,0.002961586561424085,-0.011672201110607412,-0.009423036359169322,0.0,100,0.07090017944574356
2025-01-17,0.1878604219394003,0.6301668537745485,0.6031447779928599,0.6351581683079047,0.01707045182330326,0.011498188721329426,0.013357998858410495,0.005024056747192746,0.0037124529648927644,0.00647413197413668,0.8,100,0.08674726635217667
2025-01-24,-0.011953195319531953,0.22597158587257396,0.340378831069055,0.44226139875848647,-0.03444134964119378,-0.019301957483063285,0.0009782318514605399,-0.003174420720563562,-0.03541958149265432,-0.016127536762499724,0.2,100,0.08228781074285507
2025-01-31,-0.003954407303970105,0.8346837890436881,0.6907907583278402,0.6612887107183787,0.023608868968539035,0.003439362585034492,-0.006467219673611288,-0.002511648791074272,0.030076088642150323,0.005951011376108764,0.8,100,0.0824258103966713
2025-02-07,-0.27175599086828245,0.37521458840982386,0.4410660542663775,0.4239209394333939,-0.01355218869301449,-0.01047765600699732,0.020156163158130916,0.006694071829355305,-0.0337083518511454,-0.017171727836352624,0.0,100,0.09247083961963654
2025-02-14,-0.007890812753749147,0.4535538342499941,0.4622704962933219,0.494880908563923,0.003594703563681509,0.0036595550198513386,-0.03447196739712764,-0.029732996874129235,0.03806667096080915,0.03339255189398058,0.4,100,0.09448225796222687
2025-02-21,0.1407020702070207,0.8920362399954195,0.8238267185159699,0.7575722605193951,0.016267162873840425,0.011378006442217255,0.003203366548781014,0.0023840757321083456,0.01306379632505941,0.00899393071010891,0.8,100,0.09775920957326889
2025-02-28,-0.17396939693969396,0.3515531228743434,0.44481356660877674,0.4229002196785409,0.008473370354015838,0.016215219102169953,0.02575834788629216,0.026471756959531478,-0.01728497753227632,-0.010256537857361525,0.4,100,0.08113463968038559
2025-03-07,0.12364873582034595,0.7193087862520807,0.5936227038406318,0.5858105073903135,0.01318433189325216,0.007824178856074077,0.013494806889744198,-0.007483187353234158,-0.000310474996492038,0.015307366209308235,1.0,100,0.0917634442448616
2025-03-14,0.06463265716397876,0.5970360842158972,0.5343180921636631,0.5677637612582259,-0.02004838561256566,-0.010756096999138157,0.002348458471083166,0.0030086066890964653,-0.022396844083648827,-0.013764703688234622,0.6,100,0.07145204395055771
2025-03-21,0.18730929285800732,0.5145681388961838,0.5347595520098569,0.5413781732313734,-0.004587715057892949,-0.004590489634277351,-0.008165015106578934,-0.007844384979180857,0.003577300048685985,0.0032538953449035065,0.2,100,0.06882667541503906
2025-03-28,-0.054407767224305216,0.5241453589745122,0.5134439388616538,0.4973089005484458,-0.01263467901951427,-0.014620833617960977,-0.0009310669600291158,-0.009679544313937291,-0.011703612059485153,-0.004941289304023686,0.4,100,0.09355585277080536
2025-04-04,-0.022790279027902788,0.706361538352592,0.623809522294327,0.550276844659105,0.02380389183632583,0.01649640988957577,0.013110450480549474,0.009451300467639054,0.010693441355776354,0.007045109421936717,1.0,100,0.0833512544631958
2025-04-11,0.20292829282928293,0.8564496616897734,0.6540249820507358,0.695992657476174,0.036259383650797436,0.021628210211995628,0.008624538623508527,0.010259282076897414,0.02763484502728891,0.011368928135098214,1.0,100,0.0669303685426712
2025-04-17,-0.18095409540954094,0.5927732024653116,0.5793865568987022,0.5174457626129909,0.0004358966680271619,-0.0009356013019452738,0.00811358054521909,0.0026619098770146064,-0.007677683877191929,-0.00359751117895988,0.4,100,0.07316228002309799
2025-04-25,0.05615361536153615,0.24628926436056203,0.3723083025034169,0.4252208723065056,0.005263030058331104,0.004956329257363001,0.003673036437268874,-0.00020347641506676152,0.00158999362106223,0.005159805672429763,0.2,100,0.07796388119459152
2025-05-02,0.06169835493083554,0.4715907493449915,0.48631426549849593,0.5259259495898021,-0.005030886371047174,-0.0018843160508444478,-0.0025949160177466133,-0.0030036948086112174,-0.0024359703533005607,0.0011193787577667696,0.2,100,0.09124376624822617
2025-05-09,0.0989138913891389,0.4024756794120603,0.47439055610768477,0.4932638457149504,0.00799655322633773,0.01076698864503579,0.007613062854522739,0.021089314873106977,0.0003834903718149905,-0.010322326228071187,0.8,100,0.09387127310037613
2025-05-16,-0.10268226822682266,0.515414269626026,0.521701917170745,0.5450591505681762,0.004599361751439999,0.008684471437268231,0.007838616703543955,0.008310759700363114,-0.003239254952103956,0.0003737117369051173,0.8,100,0.10207442939281464
2025-05-23,-0.09339333933393339,0.4196187306477218,0.399711808160191,0.4308937535727606,-0.003370898061972305,-0.004224103351057233,0.0047991638807988474,0.0014870625712841714,-0.008170061942771152,-0.005711165922341404,0.6,100,0.09288199990987778
2025-05-30,-0.07413230282325432,0.5058166688906509,0.45072257883802685,0.477356282703723,-0.009501244785090174,-0.005498564923471203,0.0011222932697122464,-6.546699907725396e-05,-0.010623538054802421,-0.005433097924393949,0.2,100,0.09253255277872086
2025-06-06,0.18665466546654663,0.7081482052569189,0.6814823877582921,0.6271744494264059,-0.0014714132018676092,0.0049670776684066055,-0.013893763362097198,-0.014397870774325427,0.012422350160229589,0.01936494844273203,0.2,100,0.08398178964853287
2025-06-13,0.12146560415641203,0.4531745238630198,0.46251786777291964,0.5245166437146742,-0.007549132903055968,-0.006780878981398749,-0.01030802641132704,-0.008873973332301074,0.002758893508271072,0.0020930943509023248,0.4,100,0.08525657653808594
2025-06-20,0.002202226829373336,0.3218342287075079,0.3511574397818826,0.4533352575436967,-0.010804400338545617,-0.006382284766147221,0.00037946548635842267,0.00043111628727217496,-0.01118386582490404,-0.006813401053419397,0.4,100,0.08084916323423386
2025-06-27,0.0790768566136349,0.5965896699722931,0.5893029230884942,0.6166210990333003,-0.00044704403292669876,0.000261847357433029,-0.0037713383045829886,0.00286726342481271,0.0033242942716562897,-0.002605416067379681,0.6,100,0.07478608191013336
2025-07-03,-0.044740474047404735,0.49373593237805125,0.521498885628565,0.5240850416871906,-0.002168133894336107,0.0019784048674334545,-0.006059639225830013,-0.0043799802852275875,0.003891505331493906,0.006358385152661042,0.4,100,0.1162969097495079
2025-07-11,0.19260726072607257,0.6635874293466764,0.5959454950875733,0.592552975801977,0.0055717915290001635,-0.0022254408431135317,-0.006354718105810861,-0.013026115328098355,0.011926509634811025,0.010800674484984823,0.2,100,0.11590275168418884
2025-07-18,-0.009169191999086553,0.274329433120445,0.4073394697430769,0.4586875120505927,-0.009127479240835953,-0.0020825858695760115,0.003136456239764502,-0.0026892658219671655,-0.012263935480600455,0.000606679952391154,0.2,100,0.10771829634904861
2025-07-25,-0.04452445244524452,0.7407157546104556,0.6202748751031487,0.5684052183516468,0.011882603122244642,0.002550039059631922,-0.0037569988941740947,-0.005352911022032643,0.015639602016418737,0.007902950081664565,0.6,100,0.11864399909973145
2025-08-01,-0.07146714671467146,0.5493493986705152,0.48726825141995933,0.5154333985621368,-0.00304019920279594,-0.006331045895150306,-0.0049023492490003935,-0.00558019012877691,0.0018621500462044534,-0.0007508557663733961,0.4,100,0.08344940096139908
2025-08-08,-0.06376314147643682,0.6560409943586962,0.5810788798884818,0.6002040946745859,0.002493664739269147,-0.0024715531242052355,5.077827671366181e-05,0.0018136019455733798,0.002442886462555485,-0.004285155069778616,0.8,100,0.0817807987332344
2025-08-15,0.1598439843984398,0.7182797556340086,0.6619446585930016,0.621470722512487,0.030675669688662005,0.022366400036258796,0.010964388203109734,0.008468695914711343,0.01971128148555227,0.013897704121547453,1.0,100,0.0801815316081047
2025-08-22,-0.03274537277354304,0.6567986306449511,0.6509911162423081,0.5899708018391375,0.013671949509263218,0.010493239971810836,0.004912431919482829,0.00575787542488115,0.008759517589780389,0.004735364546929686,0.8,100,0.09913669526576996
2025-08-29,-0.03541554155415541,0.42841793378274834,0.5387539343370068,0.5120323935186075,-0.004893967766407633,0.004705740621574643,-0.018900580183282556,-0.008438948066875451,0.014006612416874923,0.013144688688450094,0.6,100,0.08714795857667923
2025-09-05,-0.0026762997457642403,0.6495907192876347,0.7006877772077349,0.571245650556709,-0.00042148143291294955,0.0022683486735057107,-0.009522744547855457,-0.0021227625299671034,0.009101263114942507,0.004391111203472815,0.4,100,0.11608250439167023
2025-09-12,0.10148214821482147,0.3165014786981057,0.4089445793431234,0.4869599409753561,-0.021043312512496876,-0.016437581324107255,-0.010106699068917003,-0.015623511055494707,-0.010936613443579874,-0.0008140702686125472,0.0,100,0.09473337978124619
2025-09-19,-0.2171923708151714,0.25334160285987845,0.2460550349843282,0.3352806765355171,-0.007620266912464413,-0.005262881892671463,0.004855815522119253,0.010682080581660317,-0.012476082434583665,-0.015944962474331782,0.4,100,0.08025635033845901
2025-09-26,-0.35226345353216143,0.2789055313312859,0.2556356948065047,0.30206922375335293,-0.013372059032634618,-0.009873194689548285,0.01351622219912425,0.005110634781227247,-0.02688828123175887,-0.014983829470775532,0.2,100,0.0766078382730484
2025-10-03,-0.14028202820282026,0.5514268815182294,0.45901695358825617,0.4576718047128148,-0.013395720537169229,-0.019144472547635297,-0.007101835595774949,-0.01255932603959976,-0.00629388494139428,-0.006585146508035537,0.2,100,0.06737856566905975
2025-10-10,-0.06995499549954995,0.6041098133021712,0.46103761560873846,0.5029643218089277,0.01228073019575689,0.006608950061184742,0.005806281939892322,0.009853004351800226,0.006474448255864568,-0.0032440542906154845,0.8,100,0.07354479283094406
2025-10-17,-0.14444644464446443,0.6300316615735954,0.54015802057199,0.5103714182744844,0.0035926599879094238,-0.004294985316967227,-0.005238946409782832,-0.0046310154935285605,0.008831606397692256,0.00033603017656133344,0.2,100,0.07757782936096191
2025-10-24,0.04525652565256525,0.3568868828136563,0.42804452845229757,0.4561074453938158,0.0026578534933796596,0.003361270287532375,-0.001332460823421056,0.0011326884696771075,0.003990314316800716,0.0022285818178552673,0.2,100,0.0777718648314476
2025-10-31,-0.22240157457090814,0.1900533794250131,0.26155914526003965,0.2697290367950899,-0.003102372099840705,-0.0013653175153393727,0.02461007921183003,0.018533184582356064,-0.027712451311670733,-0.019898502097695437,0.2,100,0.06606490910053253
2025-11-07,-0.05087369785782339,0.6114802184484536,0.5191424020338409,0.530619197139937,0.007418811353850608,0.0003508013104102115,0.00769801089550919,0.0027559855786379304,-0.0002791995416585825,-0.002405184268227719,0.6,100,0.0863293707370758
2025-11-14,0.03719171917191719,0.34356027364275926,0.42146277758445416,0.45585695622513783,0.009320915579389058,0.014695892598032681,0.012223401041834586,0.009796118728100137,-0.002902485462445528,0.004899773869932544,0.6,100,0.07643190026283264
2025-11-21,0.0693750187836647,0.6208133457829776,0.4952491355215228,0.5456029279138465,-7.272052017734355e-05,-0.000802031601955192,-0.007571073313787556,-0.0059216436086272,0.007498352793610212,0.0051196120066720075,0.6,100,0.09660201519727707
2025-11-28,0.014023444414837839,0.5926176041650947,0.5578299998351965,0.5991422122958269,-0.0028579511710840597,-0.0017520814549387875,0.004098455963781577,0.000866939863066072,-0.006956407134865637,-0.0026190213180048594,0.4,100,0.08939137309789658
2025-12-05,0.2532253225322532,0.6408596299391487,0.6188934111009319,0.6221922402575809,0.010500404770722114,0.007983069527793365,-0.0038068367258924235,-5.794413230730128e-06,0.014307241496614538,0.007988863941024096,0.6,100,0.09164177626371384
2025-12-12,0.34655865586558654,0.7055357882797966,0.7338246761317366,0.6622033369065486,0.00266549831307741,0.010271319683964854,-0.01473313534182261,-0.012566148174405226,0.01739863365490002,0.02283746785837008,0.4,100,0.10226067155599594
2025-12-19,0.09231323132313231,0.46786176635168664,0.4275857959768227,0.44938966504311495,0.004020323770110815,0.0007564352785543573,0.0007315422247746014,-0.009068111345897427,0.003288781545336213,0.009824546624451785,0.6,100,0.09084577113389969
2025-12-26,-0.04631263126312631,0.4082354474957134,0.46447569160722285,0.5196241689295752,-0.009148418404540382,-0.001950323932552183,0.004648836746376227,-0.005033416663501141,-0.01379725515091661,0.003083092730948958,0.2,100,0.09513439983129501
2026-01-02,0.21897389738973894,0.6201636255518799,0.5641437489758899,0.5913291037101279,0.011615993401922854,0.001087066242331308,0.00010453357711516509,-0.0005872950445350071,0.011511459824807689,0.001674361286866315,0.8,100,0.07092062383890152
2026-01-09,-0.11506750675067505,0.3696571418259706,0.3418931132979495,0.43939743773011997,-0.008491553336328679,-0.009166826630088883,0.0008514012521375012,0.003262765211754115,-0.00934295458846618,-0.012429591841842998,0.2,100,0.1050025224685669
2026-01-16,-0.04592873065946462,0.45645807710041436,0.4561198998201172,0.42100500107871236,0.0018408208942087673,0.0017866177433936512,0.001897882856320576,0.005280382379214106,-5.7061962111808586e-05,-0.003493764635820455,0.6,100,0.09740445762872696
2026-01-23,0.03264326432643264,0.7125677206798491,0.6774741486077897,0.6328734029961921,0.013660767683778774,0.014283260405286219,0.005905802715817166,0.007684090567132468,0.007754964967961608,0.006599169838153751,0.6,100,0.1032453253865242
2026-01-30,0.14085808580858084,0.3487851075970041,0.41499009699195527,0.4468966236042276,0.0008664341638816339,0.008059230256782368,0.0007533068790332711,0.0014510997213532332,0.00011312728484836275,0.006608130535429135,0.4,100,0.1067827045917511
2026-02-06,-0.036663666366636656,0.44616403293435863,0.4964865020074327,0.4989310059365,0.011754413504734995,0.016987043632773917,0.009787331292434226,0.008545065387570862,0.001967082212300769,0.008441978245203055,0.4,100,0.08711878955364227
2026-02-13,-0.014353435343534351,0.7181912357482044,0.7267327053741058,0.6607499942759804,0.01876552203292773,0.01614106330206756,0.012634346044985183,0.009780722370747357,0.006131175987942546,0.006360340931320202,0.8,100,0.08539054542779922
2026-02-20,-0.01788178817881788,0.29310456289012726,0.33797937755062163,0.38752899255559053,-0.004534926073610368,-0.0011228066349937105,0.004768776310942106,0.006320864305089597,-0.009303702384552474,-0.0074436709400833075,0.2,100,0.0834461972117424
2026-02-27,0.08916891689168915,0.2962509040667473,0.41795848596744734,0.47893311096833563,-0.005983571533207756,0.00404844711822416,0.0030872458158861613,0.0015332503732694792,-0.009070817349093917,0.0025151967449546803,0.2,100,0.07747790962457657
2026-03-06,-0.20180678609987648,0.41321025226288177,0.399625032633649,0.38676610220458,0.004896844999985909,-0.0016003722876673913,0.03258194588036249,0.014051813445757746,-0.02768510088037658,-0.01565218573342514,0.6,100,0.07652106136083603
2026-03-13,0.10249024902490247,0.5806720598534482,0.5390011852553916,0.4856658271056867,-0.013629969395043568,-0.016932374275834446,-0.04033087270105922,-0.029110391395087965,0.026700903306015655,0.01217801711925352,0.0,100,0.08377235382795334
2026-03-20,0.27910074737823604,0.6628491892297743,0.6931564569006297,0.7095559645508585,0.012240904302797395,0.03276375237779394,-0.009344196806755205,-0.0028828300404474443,0.0215851011095526,0.03564658241824139,1.0,100,0.07453538477420807
2026-03-27,-0.12800480048004798,0.5390145423059319,0.5315598152260677,0.5356398633201984,0.0018516221137961897,0.003503753282547775,0.005716191473184801,0.005638664469539067,-0.0038645693593886113,-0.002134911186991292,0.6,100,0.09028919786214828
2026-04-02,0.05236139322373769,0.5070888077648333,0.47380981110904613,0.5248751895576902,-0.009436450685159973,-0.007573361540177658,-0.005507594555181849,-0.005802151175509992,-0.003928856129978124,-0.0017712103646676655,0.4,100,0.08858700841665268
2026-04-10,-0.1011404174634539,0.4300897891431691,0.523228288954499,0.49546730410066897,0.015667610275500947,0.017310882962714443,0.024521778327184683,0.017165553531313136,-0.008854168051683736,0.00014532943140130664,0.6,100,0.10572871565818787
2026-04-17,-0.20364836483648363,0.3250963659157279,0.3246642025234926,0.41566549983236684,-0.003630565485705494,-0.004845961317440221,0.0012440632530665203,0.0002523549702976314,-0.004874628738772015,-0.005098316287737852,0.2,100,0.11698300391435623
2026-04-24,-0.1421302130213021,0.47540822678188366,0.49653457766355985,0.49126147910122325,-0.012319058817691478,-0.009621213286875435,0.0007331737864419693,-0.003897618046108603,-0.013052232604133447,-0.0057235952407668315,0.2,100,0.09830537438392639
2026-05-01,-0.236039603960396,0.34536737208856705,0.4007418954509688,0.46974459187415796,-0.02123908472618364,-0.012509160399910036,0.005818164541153914,-0.00033993289102141457,-0.027057249267337553,-0.012169227508888622,0.4,100,0.09088243544101715
2026-05-08,0.07329132913291328,0.44042467094996934,0.4741533485629919,0.49465951077667925,-0.013276127502706337,-0.010573405374732437,-0.007585989725591179,-0.012370654142860931,-0.005690137777115158,0.0017972487681284944,0.0,100,0.09783920645713806
2026-05-15,-0.035319531953195316,0.26075282020468843,0.4014700497567671,0.4515000980094214,-0.0077878964987226,-0.0007636132139889041,0.012762937954454368,0.0052909101404020765,-0.02055083445317697,-0.006054523354390981,0.4,100,0.08494757115840912
2026-05-22,0.026378637863786376,0.727612857526316,0.6192275604786149,0.5986816197814,0.0023923645397318795,-0.0059199414987034845,-0.00115233434764741,-0.005798129584796625,0.0035446988873792896,-0.00012181191390685936,0.4,100,0.09592075645923615
2026-05-29,-0.06958295829582957,0.17616556990882265,0.3036290186836811,0.43982539704453827,-0.026639983074810504,-0.008247931329438666,0.009346678689799012,0.014125116909345259,-0.03598666176460952,-0.022373048238783923,0.4,100,0.0923919826745987
2026-06-05,-0.04266439443281859,0.4433279038704789,0.4685071823278464,0.48928089593167234,0.002211344444676733,0.004326168074459395,0.010593953991554581,0.008698503734270493,-0.008382609546877848,-0.004372335659811098,0.8,100,0.11859829723834991
2026-06-12,0.102010201020102,0.6175103963762298,0.5867329143768212,0.5682036019257517,0.004090730360467769,0.0035099118280310427,-0.010417308067903263,-0.007268907010456268,0.014508038428371032,0.01077881883848731,0.6,100,0.11841755360364914
2026-06-18,-0.1187038703870387,0.48135086931154963,0.42461061371818787,0.5048275205377902,0.016866418972957625,0.01120023187066779,0.01521078703376334,0.013988077153918841,0.001655631939194286,-0.0027878452832510517,0.8,100,0.12029110640287399
2026-06-26,0.0784158415841584,0.48474132867419084,0.5824184686944601,0.5911992174966356,0.001240118218854419,0.008271323769239617,-0.01849900503127973,-0.005106079402772119,0.01973912325013415,0.013377403172011736,0.6,100,0.1138763576745987
2026-07-02,-0.09764176417641764,0.614829891054784,0.555052958676773,0.5520670837444177,0.012673546395012319,0.010633315032497776,0.01072380910653833,0.006231330284536367,0.0019497372884739895,0.004401984747961409,0.8,100,0.08662200719118118
2026-07-10,-0.09675483654866059,0.36789085557869045,0.431801021601868,0.44919416143246677,-0.01936932719847469,-0.01568287924831288,-0.015621952506707937,-0.0006676824235955396,-0.0037473746917667528,-0.015015196824717341,0.0,100,0.0799475759267807
2026-07-17,0.0778541210707781,0.7573044755473557,0.6198772997561977,0.5954502750661641,0.015318099402988006,0.009190804889251815,-0.00823856399595976,0.002039641575828882,0.023556663398947766,0.007151163313422933,1.0,100,0.07778634130954742
2026-07-24,0.3489990879229781,0.5951141996684001,0.5824329977843591,0.6240208261354244,-0.02946864224950062,-0.013411821064082969,-0.01598969883945231,-0.012502202807573035,-0.013478943410048311,-0.000909618256509934,0.8,100,0.08998753875494003
2026-07-31,-0.06233423342334232,0.5287408787969231,0.4368975364029351,0.4781476936513056,0.008985312331351848,0.001326091883291457,-0.011127262731574808,-0.002365305162289527,0.020112575062926658,0.003691397045580984,0.6,100,0.07459478080272675
2026-08-07,0.08250924104093793,0.5218908617974065,0.5262529027989763,0.5609163379152527,-0.0015440269361758144,0.001747770611996344,-0.07837901107782719,-0.03304752410081766,0.07683498414165138,0.03479529471281401,0.4,100,0.09318877011537552
2026-08-14,0.22558655865586558,0.563054282856259,0.6005800085788053,0.5307904249573105,0.013484834599572662,0.03424489514751489,-0.007832744127951945,-0.00577057846218809,0.021317578727524607,0.04001547360970298,0.8,100,0.08895988762378693
2026-08-21,-0.01123319071841837,0.38463520025802445,0.4343029269764026,0.44452670027690916,-0.0037548603824521403,-0.0023553817646211664,0.006676234347332237,-0.000923105631367433,-0.010431094729784377,-0.0014322761332537335,0.2,100,0.090094655752182
