candidate_id,hyperparameters,validation_mean_rank_ic,validation_median_rank_ic,validation_rank_ic_std,validation_positive_ic_ratio,validation_negative_ic_ratio,validation_icir,validation_annualized_icir,validation_ndcg5,validation_ndcg10,validation_ndcg20,validation_top5_return,validation_top10_return,validation_top5_bottom5_spread,validation_top10_bottom10_spread,validation_number_of_dates,factor_set_name
1,"{""colsample_bytree"": 1.0, ""gamma"": 0.1, ""learning_rate"": 0.03, ""max_depth"": 3, ""min_child_weight"": 5, ""n_estimators"": 400, ""reg_alpha"": 0.0, ""reg_lambda"": 5.0, ""subsample"": 0.85}",-0.000493835246556521,-0.00048603499389345537,0.15824061530128047,0.5,0.5,-0.0031207869459827925,-0.02250431470707925,0.49447365893926964,0.48607937411585844,0.513665421271491,-0.0019023747820778392,-0.0013544305052817349,-0.0021014892387482653,-0.0013381309854051473,104,core_5
2,"{""colsample_bytree"": 0.85, ""gamma"": 0.1, ""learning_rate"": 0.03, ""max_depth"": 5, ""min_child_weight"": 10, ""n_estimators"": 400, ""reg_alpha"": 1.0, ""reg_lambda"": 10.0, ""subsample"": 0.7}",-0.003503540289024509,-0.017689864325682605,0.15073528326258326,0.4519230769230769,0.5480769230769231,-0.023243000664424973,-0.1676076613824556,0.49680081093165296,0.4925703339265359,0.515522989560363,-0.0009079848523494599,-0.000927272424128391,-0.0012854609798918033,-0.0017661905562614524,104,core_5
0,"{""colsample_bytree"": 0.85, ""gamma"": 0.0, ""learning_rate"": 0.05, ""max_depth"": 2, ""min_child_weight"": 5, ""n_estimators"": 200, ""reg_alpha"": 0.1, ""reg_lambda"": 5.0, ""subsample"": 0.85}",-0.0038792138462545654,0.010225213995247378,0.1582836758052625,0.5480769230769231,0.4519230769230769,-0.024507984329522323,-0.17672958831672134,0.4885161421814309,0.48446626762364214,0.5104764602543491,-0.002623426555696158,-0.0013470386951954575,-0.003087491045351588,-0.0013939227963722914,104,core_5
2,"{""colsample_bytree"": 0.85, ""gamma"": 0.1, ""learning_rate"": 0.03, ""max_depth"": 5, ""min_child_weight"": 10, ""n_estimators"": 400, ""reg_alpha"": 1.0, ""reg_lambda"": 10.0, ""subsample"": 0.7}",-0.00014260362553926965,-0.0030543260990485454,0.14148400334700556,0.47115384615384615,0.5288461538461539,-0.0010079134189433282,-0.007268167026456774,0.5135002609949897,0.49670564086612445,0.5167659028490424,-0.00013877615511094637,-0.00041795151146968427,-2.124520916148574e-05,-0.000431000223163961,104,core_plus_fundamental
1,"{""colsample_bytree"": 1.0, ""gamma"": 0.1, ""learning_rate"": 0.03, ""max_depth"": 3, ""min_child_weight"": 5, ""n_estimators"": 400, ""reg_alpha"": 0.0, ""reg_lambda"": 5.0, ""subsample"": 0.85}",-0.00285331099988534,0.003765388159030215,0.1454467449890545,0.5,0.5,-0.01961756517892555,-0.14146427430474592,0.49038001623948496,0.4950366985127276,0.5175902983036216,-0.001972657666783296,-0.0005515707257583695,-0.002277341892060279,-0.0009246727970093767,104,core_plus_fundamental
0,"{""colsample_bytree"": 0.85, ""gamma"": 0.0, ""learning_rate"": 0.05, ""max_depth"": 2, ""min_child_weight"": 5, ""n_estimators"": 200, ""reg_alpha"": 0.1, ""reg_lambda"": 5.0, ""subsample"": 0.85}",-0.00564235622422637,0.0024876408253862287,0.14778289252146673,0.5096153846153846,0.49038461538461536,-0.03818003645724264,-0.2753201582913456,0.4916177432488715,0.5025874655295699,0.5186728179382522,-0.0022644248032005682,-0.0005169666542048089,-0.0025037014968338762,-0.0011051664781613125,104,core_plus_fundamental
2,"{""colsample_bytree"": 0.85, ""gamma"": 0.1, ""learning_rate"": 0.03, ""max_depth"": 5, ""min_child_weight"": 10, ""n_estimators"": 400, ""reg_alpha"": 1.0, ""reg_lambda"": 10.0, ""subsample"": 0.7}",-0.0020468903038689044,-0.03063306330633063,0.1589334328935107,0.4423076923076923,0.5576923076923077,-0.012878915824088259,-0.09287118275226955,0.49793927917924835,0.49290253035856446,0.5165531856698367,-0.0018835964504802885,-0.0014189422039522458,-0.0020470220549562573,-0.0018236980034288812,104,core_plus_horizon
1,"{""colsample_bytree"": 1.0, ""gamma"": 0.1, ""learning_rate"": 0.03, ""max_depth"": 3, ""min_child_weight"": 5, ""n_estimators"": 400, ""reg_alpha"": 0.0, ""reg_lambda"": 5.0, ""subsample"": 0.85}",-0.0024692884700777554,-0.009810981098109812,0.16050379911561824,0.4519230769230769,0.5480769230769231,-0.015384610729986608,-0.11094000568004037,0.5020029048872885,0.4897121349455844,0.5054432960493923,-0.0008256891503957021,-0.0010438781765570522,-0.0002061368522175841,-0.0009649455366649794,104,core_plus_horizon
0,"{""colsample_bytree"": 0.85, ""gamma"": 0.0, ""learning_rate"": 0.05, ""max_depth"": 2, ""min_child_weight"": 5, ""n_estimators"": 200, ""reg_alpha"": 0.1, ""reg_lambda"": 5.0, ""subsample"": 0.85}",-0.0030121376672403786,-0.02108361194435713,0.160694382374604,0.4519230769230769,0.5480769230769231,-0.01874451130605555,-0.1351685932949955,0.47399755308526653,0.4869813110628623,0.5095661327057742,-0.00271316886924063,-0.0010719416174122633,-0.0023353034338603096,-0.001162101659449885,104,core_plus_horizon
0,"{""colsample_bytree"": 0.85, ""gamma"": 0.0, ""learning_rate"": 0.05, ""max_depth"": 2, ""min_child_weight"": 5, ""n_estimators"": 200, ""reg_alpha"": 0.1, ""reg_lambda"": 5.0, ""subsample"": 0.85}",-0.0017203485151260378,-0.0019652738226501204,0.14889777390156406,0.5,0.5,-0.011553890095518526,-0.08331628634093514,0.4988048977908432,0.49851923317985747,0.5232930019211928,-0.0019004583640222473,-0.0009861976250620063,-0.0018539737932295832,-0.0012766216782637654,104,extended
2,"{""colsample_bytree"": 0.85, ""gamma"": 0.1, ""learning_rate"": 0.03, ""max_depth"": 5, ""min_child_weight"": 10, ""n_estimators"": 400, ""reg_alpha"": 1.0, ""reg_lambda"": 10.0, ""subsample"": 0.7}",-0.004070879346559466,-0.007158715871587157,0.1478744939582795,0.47115384615384615,0.5288461538461539,-0.02752928674574536,-0.19851650987747216,0.5049489995806993,0.4971334566842132,0.5158860740596225,-0.0012743327793831027,-0.0009061695375635876,-0.0013671059293390016,-0.0009464596617412638,104,extended
1,"{""colsample_bytree"": 1.0, ""gamma"": 0.1, ""learning_rate"": 0.03, ""max_depth"": 3, ""min_child_weight"": 5, ""n_estimators"": 400, ""reg_alpha"": 0.0, ""reg_lambda"": 5.0, ""subsample"": 0.85}",-0.00407678351719692,-0.004245432203020751,0.14738234332540243,0.4807692307692308,0.5192307692307693,-0.027661274920808353,-0.19946829014336123,0.49988675655654097,0.4989237323540081,0.5196770716481786,-0.0011305221679743548,-0.0009516495353650403,-0.0011899457602052973,-0.001373601573880354,104,extended
0,"{""colsample_bytree"": 0.85, ""gamma"": 0.0, ""learning_rate"": 0.05, ""max_depth"": 2, ""min_child_weight"": 5, ""n_estimators"": 200, ""reg_alpha"": 0.1, ""reg_lambda"": 5.0, ""subsample"": 0.85}",0.000244937440075276,-0.019169348098610733,0.18231663163758022,0.4807692307692308,0.5192307692307693,0.0013434728245867176,0.009687920312479696,0.4862973479817168,0.4886040502351269,0.512872550374728,-0.0029153437402883115,-0.0017045176527146872,-0.0028190042074061543,-0.0017734361980266998,104,strong_only
1,"{""colsample_bytree"": 1.0, ""gamma"": 0.1, ""learning_rate"": 0.03, ""max_depth"": 3, ""min_child_weight"": 5, ""n_estimators"": 400, ""reg_alpha"": 0.0, ""reg_lambda"": 5.0, ""subsample"": 0.85}",-0.0012855360438825169,-0.013195319531953194,0.18982750963552505,0.47115384615384615,0.5288461538461539,-0.00677212721354659,-0.0488345038248146,0.4746190341468339,0.4862454427656325,0.5083964650186608,-0.003851906996721446,-0.001646543426172828,-0.003623978801598583,-0.0016576993741157832,104,strong_only
2,"{""colsample_bytree"": 0.85, ""gamma"": 0.1, ""learning_rate"": 0.03, ""max_depth"": 5, ""min_child_weight"": 10, ""n_estimators"": 400, ""reg_alpha"": 1.0, ""reg_lambda"": 10.0, ""subsample"": 0.7}",-0.005271728251145554,0.000582058205820582,0.19230337952975288,0.5,0.5,-0.027413601695595372,-0.19768229311723134,0.48663182608986777,0.4874731105872007,0.5125247290759135,-0.0023994493957252287,-0.0016939369022897187,-0.0019921355548234063,-0.0016668446552999929,104,strong_only
0,"{""colsample_bytree"": 0.85, ""gamma"": 0.0, ""learning_rate"": 0.05, ""max_depth"": 2, ""min_child_weight"": 5, ""n_estimators"": 200, ""reg_alpha"": 0.1, ""reg_lambda"": 5.0, ""subsample"": 0.85}",-0.014266998979071606,-0.008725084759252336,0.19562680974136365,0.4807692307692308,0.5192307692307693,-0.07292967154110354,-0.5259033404883913,0.4865190980100973,0.479417113290672,0.508894037436451,-0.003085229573657418,-0.0020913696204740055,-0.002543841149063486,-0.0022978098738645992,104,moderate_and_strong
1,"{""colsample_bytree"": 1.0, ""gamma"": 0.1, ""learning_rate"": 0.03, ""max_depth"": 3, ""min_child_weight"": 5, ""n_estimators"": 400, ""reg_alpha"": 0.0, ""reg_lambda"": 5.0, ""subsample"": 0.85}",-0.01799335059471165,-0.011257125712571255,0.19133120215730096,0.49038461538461536,0.5096153846153846,-0.09404294956511382,-0.6781533535057834,0.4737662468052477,0.48017997624662717,0.5038502823039627,-0.004035938668861415,-0.0020301742654329196,-0.003620942713502446,-0.0020669983623148817,104,moderate_and_strong
2,"{""colsample_bytree"": 0.85, ""gamma"": 0.1, ""learning_rate"": 0.03, ""max_depth"": 5, ""min_child_weight"": 10, ""n_estimators"": 400, ""reg_alpha"": 1.0, ""reg_lambda"": 10.0, ""subsample"": 0.7}",-0.018156124678861987,-0.01092711220725806,0.191740152788459,0.4519230769230769,0.5480769230769231,-0.09469130182081935,-0.6828286881108016,0.4865436255815195,0.4845940966210073,0.5086995465909848,-0.002124537735630294,-0.002171372951367202,-0.0017982220509874555,-0.002183066686506709,104,moderate_and_strong
0,"{""colsample_bytree"": 0.85, ""gamma"": 0.0, ""learning_rate"": 0.05, ""max_depth"": 2, ""min_child_weight"": 5, ""n_estimators"": 200, ""reg_alpha"": 0.1, ""reg_lambda"": 5.0, ""subsample"": 0.85}",-0.0017716088015534447,-0.013122669713182062,0.16314472896876644,0.4807692307692308,0.5192307692307693,-0.010859123753195936,-0.07830625499751381,0.48291860201305487,0.48370203752314933,0.5080418171321998,-0.0022950339754201536,-0.001563930298358974,-0.0017882402354421308,-0.0012768704259685823,104,top_3
2,"{""colsample_bytree"": 0.85, ""gamma"": 0.1, ""learning_rate"": 0.03, ""max_depth"": 5, ""min_child_weight"": 10, ""n_estimators"": 400, ""reg_alpha"": 1.0, ""reg_lambda"": 10.0, ""subsample"": 0.7}",-0.0033366927973006036,-0.012007200720072006,0.16202892023461107,0.4423076923076923,0.5576923076923077,-0.02059319282304179,-0.14849962529798838,0.49289720601238496,0.4840011001902296,0.5097618318208502,-0.001425802861619838,-0.0010621328089878126,-0.0012424932126530036,-0.000911735365419362,104,top_3
1,"{""colsample_bytree"": 1.0, ""gamma"": 0.1, ""learning_rate"": 0.03, ""max_depth"": 3, ""min_child_weight"": 5, ""n_estimators"": 400, ""reg_alpha"": 0.0, ""reg_lambda"": 5.0, ""subsample"": 0.85}",-0.005107057001601188,-0.00915397032094168,0.16162299430612356,0.47115384615384615,0.5288461538461539,-0.03159857929576604,-0.22786059576539847,0.48876668020273684,0.4804211010661194,0.5015417333389963,-0.0014473188038803507,-0.0012319689432375943,-0.000617137560399123,-0.0007915213109212915,104,top_3
0,"{""colsample_bytree"": 0.85, ""gamma"": 0.0, ""learning_rate"": 0.05, ""max_depth"": 2, ""min_child_weight"": 5, ""n_estimators"": 200, ""reg_alpha"": 0.1, ""reg_lambda"": 5.0, ""subsample"": 0.85}",-0.0031195251566373647,-0.012999487829756722,0.17065624611823926,0.4519230769230769,0.5480769230769231,-0.018279583827690668,-0.131815953569762,0.5045622291571846,0.49677526392382565,0.5107840375544186,-0.0011638699420196993,-0.0012292026258279006,-0.0016463006099105954,-0.0013946956649403294,104,top_5
1,"{""colsample_bytree"": 1.0, ""gamma"": 0.1, ""learning_rate"": 0.03, ""max_depth"": 3, ""min_child_weight"": 5, ""n_estimators"": 400, ""reg_alpha"": 0.0, ""reg_lambda"": 5.0, ""subsample"": 0.85}",-0.009257737089939684,-0.019592018320275937,0.18301195097466022,0.4230769230769231,0.5769230769230769,-0.05058542374219872,-0.3647766781871419,0.49669179902657284,0.4846168176035588,0.5106115993624876,-0.0017709856336621894,-0.002147715032524199,-0.0022873808074324524,-0.002524010059286988,104,top_5
2,"{""colsample_bytree"": 0.85, ""gamma"": 0.1, ""learning_rate"": 0.03, ""max_depth"": 5, ""min_child_weight"": 10, ""n_estimators"": 400, ""reg_alpha"": 1.0, ""reg_lambda"": 10.0, ""subsample"": 0.7}",-0.00948914370003513,-0.017686895739182404,0.18993065603011788,0.4230769230769231,0.5769230769230769,-0.049961095793458477,-0.3602745853233655,0.4779234167505472,0.48724275799631767,0.5080683208475444,-0.003261361804095537,-0.0009162538097935879,-0.0035378408612393784,-0.0008774743393765831,104,top_5
0,"{""colsample_bytree"": 0.85, ""gamma"": 0.0, ""learning_rate"": 0.05, ""max_depth"": 2, ""min_child_weight"": 5, ""n_estimators"": 200, ""reg_alpha"": 0.1, ""reg_lambda"": 5.0, ""subsample"": 0.85}",-0.0018147191586003304,-0.012758164035990081,0.1848044271998769,0.46153846153846156,0.5384615384615384,-0.009819673619818666,-0.07081067348915455,0.4847520919331017,0.48397334924531293,0.5089734345051001,-0.001677087201431036,-0.001773081865948586,-0.0017134512285967355,-0.001766629792388865,104,top_8
1,"{""colsample_bytree"": 1.0, ""gamma"": 0.1, ""learning_rate"": 0.03, ""max_depth"": 3, ""min_child_weight"": 5, ""n_estimators"": 400, ""reg_alpha"": 0.0, ""reg_lambda"": 5.0, ""subsample"": 0.85}",-0.0026492350705972093,-0.023543675624144687,0.18828778365499457,0.4519230769230769,0.5480769230769231,-0.01407013784522252,-0.1014612069075924,0.4983579243691138,0.4942078784034246,0.5112418578957614,-0.00199029295058707,-0.0013410942251861405,-0.0018020296806123379,-0.001065347109275656,104,top_8
2,"{""colsample_bytree"": 0.85, ""gamma"": 0.1, ""learning_rate"": 0.03, ""max_depth"": 5, ""min_child_weight"": 10, ""n_estimators"": 400, ""reg_alpha"": 1.0, ""reg_lambda"": 10.0, ""subsample"": 0.7}",-0.004871585182238603,-0.03846113447969593,0.19255263420145588,0.46153846153846156,0.5384615384615384,-0.025300018368701025,-0.18244102699706466,0.48857432214119645,0.4926714255473694,0.5098521698211033,-0.001973199409286632,-0.0010578189716523557,-0.002038038769938413,-0.0012403292538174212,104,top_8
0,"{""colsample_bytree"": 0.85, ""gamma"": 0.0, ""learning_rate"": 0.05, ""max_depth"": 2, ""min_child_weight"": 5, ""n_estimators"": 200, ""reg_alpha"": 0.1, ""reg_lambda"": 5.0, ""subsample"": 0.85}",0.000244937440075276,-0.019169348098610733,0.18231663163758022,0.4807692307692308,0.5192307692307693,0.0013434728245867176,0.009687920312479696,0.4862973479817168,0.4886040502351269,0.512872550374728,-0.0029153437402883115,-0.0017045176527146872,-0.0028190042074061543,-0.0017734361980266998,104,top_10
1,"{""colsample_bytree"": 1.0, ""gamma"": 0.1, ""learning_rate"": 0.03, ""max_depth"": 3, ""min_child_weight"": 5, ""n_estimators"": 400, ""reg_alpha"": 0.0, ""reg_lambda"": 5.0, ""subsample"": 0.85}",-0.0012855360438825169,-0.013195319531953194,0.18982750963552505,0.47115384615384615,0.5288461538461539,-0.00677212721354659,-0.0488345038248146,0.4746190341468339,0.4862454427656325,0.5083964650186608,-0.003851906996721446,-0.001646543426172828,-0.003623978801598583,-0.0016576993741157832,104,top_10
2,"{""colsample_bytree"": 0.85, ""gamma"": 0.1, ""learning_rate"": 0.03, ""max_depth"": 5, ""min_child_weight"": 10, ""n_estimators"": 400, ""reg_alpha"": 1.0, ""reg_lambda"": 10.0, ""subsample"": 0.7}",-0.005271728251145554,0.000582058205820582,0.19230337952975288,0.5,0.5,-0.027413601695595372,-0.19768229311723134,0.48663182608986777,0.4874731105872007,0.5125247290759135,-0.0023994493957252287,-0.0016939369022897187,-0.0019921355548234063,-0.0016668446552999929,104,top_10
0,"{""colsample_bytree"": 0.85, ""gamma"": 0.0, ""learning_rate"": 0.05, ""max_depth"": 2, ""min_child_weight"": 5, ""n_estimators"": 200, ""reg_alpha"": 0.1, ""reg_lambda"": 5.0, ""subsample"": 0.85}",-0.012235396871281405,-0.007872787278727872,0.19107058730264348,0.49038461538461536,0.5096153846153846,-0.06403600388740799,-0.4617701909837217,0.48798769472848746,0.48777230898439056,0.5099461043537745,-0.0030031418083195003,-0.0017582426033817312,-0.0030063815917312432,-0.0019636987395720523,104,top_15
2,"{""colsample_bytree"": 0.85, ""gamma"": 0.1, ""learning_rate"": 0.03, ""max_depth"": 5, ""min_child_weight"": 10, ""n_estimators"": 400, ""reg_alpha"": 1.0, ""reg_lambda"": 10.0, ""subsample"": 0.7}",-0.012585644941513955,0.003972397239723972,0.18770425038240177,0.5096153846153846,0.49038461538461536,-0.06705039931633815,-0.4835073055507856,0.5005072114310675,0.4991905631806125,0.5115351816654305,-0.0017298704238585111,-0.0013715059729432692,-0.0015594999933961683,-0.0013750702612222222,104,top_15
1,"{""colsample_bytree"": 1.0, ""gamma"": 0.1, ""learning_rate"": 0.03, ""max_depth"": 3, ""min_child_weight"": 5, ""n_estimators"": 400, ""reg_alpha"": 0.0, ""reg_lambda"": 5.0, ""subsample"": 0.85}",-0.016985832182431385,0.003594359435943594,0.18965781028286566,0.5096153846153846,0.49038461538461536,-0.08956041492358169,-0.6458293365176081,0.48318247642143025,0.4902442760561865,0.505601925098972,-0.0030602835665982037,-0.0014004252519460843,-0.002760721649070247,-0.0013425412087354884,104,top_15
1,"{""colsample_bytree"": 1.0, ""gamma"": 0.1, ""learning_rate"": 0.03, ""max_depth"": 3, ""min_child_weight"": 5, ""n_estimators"": 400, ""reg_alpha"": 0.0, ""reg_lambda"": 5.0, ""subsample"": 0.85}",-0.016066625844494885,-0.018691992189731856,0.21474936092963964,0.4423076923076923,0.5576923076923077,-0.07481570969498226,-0.5395037550309737,0.45434984851844384,0.47105177407901533,0.4988838110761172,-0.0031949738135975294,-0.0011717696055723497,-0.0036937176096182435,-0.001627738932833511,104,all_eligible
0,"{""colsample_bytree"": 0.85, ""gamma"": 0.0, ""learning_rate"": 0.05, ""max_depth"": 2, ""min_child_weight"": 5, ""n_estimators"": 200, ""reg_alpha"": 0.1, ""reg_lambda"": 5.0, ""subsample"": 0.85}",-0.01618303785089313,-0.0156887713164854,0.21407925959494545,0.4807692307692308,0.5192307692307693,-0.0755936744246626,-0.5451137384777035,0.46551558055113595,0.47764972725297206,0.5064185933254068,-0.0034575114612341693,-0.0014286856617829575,-0.004344498985620697,-0.0022750824347684104,104,all_eligible
2,"{""colsample_bytree"": 0.85, ""gamma"": 0.1, ""learning_rate"": 0.03, ""max_depth"": 5, ""min_child_weight"": 10, ""n_estimators"": 400, ""reg_alpha"": 1.0, ""reg_lambda"": 10.0, ""subsample"": 0.7}",-0.01676892241993341,-0.009577009475056852,0.21008807597297327,0.46153846153846156,0.5384615384615384,-0.07981853488005974,-0.5755796404849326,0.4608923542458104,0.47615964607832867,0.5030284389722914,-0.002910337989801697,-0.0012184210631821383,-0.0032688789947827998,-0.0015366014599878697,104,all_eligible
2,"{""colsample_bytree"": 0.85, ""gamma"": 0.1, ""learning_rate"": 0.03, ""max_depth"": 5, ""min_child_weight"": 10, ""n_estimators"": 400, ""reg_alpha"": 1.0, ""reg_lambda"": 10.0, ""subsample"": 0.7}",-0.017332176989075868,-0.020543749559120944,0.11815213688457084,0.40384615384615385,0.5961538461538461,-0.1466937242617,-1.0578234892286702,0.5076970005913887,0.5008152989332342,0.5206268443296816,0.00016810549053538395,9.511645090283222e-05,-0.0010466985515931902,-0.0003204606538000978,104,forward_selected
1,"{""colsample_bytree"": 1.0, ""gamma"": 0.1, ""learning_rate"": 0.03, ""max_depth"": 3, ""min_child_weight"": 5, ""n_estimators"": 400, ""reg_alpha"": 0.0, ""reg_lambda"": 5.0, ""subsample"": 0.85}",-0.01929364195048805,-0.027929876205351846,0.11898716259979598,0.4423076923076923,0.5576923076923077,-0.16214893715367182,-1.1692726143391032,0.4821412268333359,0.48386886013447616,0.5063260607251904,-0.0008529448420741925,-0.0002066637650742307,-0.002468175797202694,-0.000772787681208558,104,forward_selected
0,"{""colsample_bytree"": 0.85, ""gamma"": 0.0, ""learning_rate"": 0.05, ""max_depth"": 2, ""min_child_weight"": 5, ""n_estimators"": 200, ""reg_alpha"": 0.1, ""reg_lambda"": 5.0, ""subsample"": 0.85}",-0.027600078477785048,-0.035361360111506944,0.12636911284516023,0.4326923076923077,0.5673076923076923,-0.21840842161805282,-1.574965526274094,0.49022339979152274,0.4898308980819421,0.513439304859427,-0.0004333685636025041,1.656780859171527e-05,-0.0020427799107645356,-0.0005585447277401412,104,forward_selected
