factor,family,eligible_weeks,mean_rank_ic,median_rank_ic,ic_std,icir,annualized_icir,positive_ic_ratio,negative_ic_ratio,direction,q1,q2,q3,q4,q5,q5_q1,direction_adjusted_top_bottom,monotonicity,coverage,missing_rate,average_stocks_per_eligible_week,minimum_stocks_per_eligible_week,early_mean_ic,late_mean_ic,low_vix_mean_ic,high_vix_mean_ic,max_abs_correlation,evidence_score,evidence_flag,final_role,selection_reason
ret_1d,return_momentum,313,0.01167165701636378,0.012487286190533822,0.13764886563855613,0.08479297640571686,0.6114508484600407,0.5271565495207667,0.4728434504792332,positive,0.0003580043451463823,0.0005453175363755458,0.0007943992181537693,0.0008190945082176894,0.0010232688298879977,0.0006652644847416154,0.0006652644847416154,0.9999999999999999,1.0,0.0,99.76038338658147,97,0.011553735788234636,0.011788827153867896,0.01221490018541331,0.011124931519307525,0.8666186618661866,6,Strong,candidate,Development-only evidence ordering; compact core also applies family diversity and redundancy
ret_5d,return_momentum,313,0.011600622651542611,0.015439590277868105,0.14875470822981737,0.07798491079435499,0.5623571891630641,0.5463258785942492,0.4536741214057508,positive,0.00033644068097714704,0.0006190643816030103,0.0010147790057636013,0.0008368781020648368,0.0007295177300539587,0.0003930770490768117,0.0003930770490768117,0.6,0.9999039231385108,9.607686148915828e-05,99.75079872204473,97,0.01588794909514714,0.007340604019680787,-0.0056307210984119305,0.028942423733227633,0.7293009300930093,5,Moderate,candidate,Development-only evidence ordering; compact core also applies family diversity and redundancy
ret_20d,return_momentum,313,0.017586068128646267,0.020024062478525406,0.15078642444441528,0.11662898827559279,0.8410235948662764,0.5463258785942492,0.4536741214057508,positive,0.0002372351019862189,0.0006875484336560152,0.0007222103312121268,0.0009875212699196234,0.0009078043503597923,0.0006705692483735734,0.0006705692483735734,0.8999999999999998,0.9996156925540433,0.00038430744595674415,99.72204472843451,97,0.02430470317390859,0.01091022693717543,0.023159598108529085,0.01197681039248215,1.0,6,Strong,core,Development-only evidence ordering; compact core also applies family diversity and redundancy
ret_60d,return_momentum,313,-0.004605679555498138,-0.013549395587806521,0.14980330399397224,-0.030744846293132896,-0.22170423953229923,0.46645367412140576,0.5335463258785943,negative,0.0005831830509718165,0.0008332890781951113,0.0009848463765441279,0.000624184609877928,0.000508101541839677,-7.50815091321395e-05,7.50815091321395e-05,-0.3,0.9988150520416333,0.0011849479583666556,99.64217252396166,97,0.008142222936605213,-0.017272385216441595,-0.0009518237158138819,-0.008282957548000878,1.0,2,Weak,candidate,Development-only evidence ordering; compact core also applies family diversity and redundancy
ret_120d,return_momentum,306,-0.0023815689904979546,0.005966422252366199,0.16847789192856383,-0.014135795285875026,-0.1019346694453691,0.5098039215686274,0.49019607843137253,negative,0.00020756675053995737,0.0009469886937013755,0.0008291982784130048,0.0007979389156591258,0.0003874457763884065,0.00017987902584844914,0.00017987902584844914,0.0,0.9757245796637309,0.02427542033626906,99.56535947712419,96,0.0030770169350482664,-0.007562010410283862,-0.006051232574774179,0.0014851235110548452,0.7558955895589559,1,Weak,candidate,Development-only evidence ordering; compact core also applies family diversity and redundancy
momentum_20_5,return_momentum,313,0.014182446290801837,0.01627967680678436,0.15119926266843853,0.09379970537225572,0.676399294686166,0.5399361022364217,0.46006389776357826,positive,0.0006641140718307484,0.0002503132788241849,0.0006362079880920272,0.0008718662360228356,0.001111047114736245,0.0004469330429054966,0.0004469330429054966,0.7,0.9996156925540433,0.00038430744595674415,99.72204472843451,97,0.016577670005252995,0.011802478778353553,0.02973016047201226,-0.0014649327249035276,0.8467446744674467,5,Moderate,candidate,Development-only evidence ordering; compact core also applies family diversity and redundancy
overnight_gap,gap_intraday,313,-0.0019128917003384954,-0.007320819932359581,0.13065721381604203,-0.014640536442417475,-0.10557440968687068,0.476038338658147,0.5239616613418531,negative,0.0008061129819331845,0.0007832945864899919,0.0005733200877203482,0.0006444307230702917,0.0007362307490461279,-6.98822328870566e-05,6.98822328870566e-05,-0.6,1.0,0.0,99.76038338658147,97,0.007611992251023962,-0.011377107601055333,-0.00409535568826241,0.00028356244135416405,0.2973126232015278,2,Weak,candidate,Development-only evidence ordering; compact core also applies family diversity and redundancy
intraday_return,gap_intraday,313,0.010458367906075952,0.015169516951695168,0.13210155379955488,0.07916915134809861,0.5708968692410771,0.5591054313099042,0.44089456869009586,positive,0.00023559991399849765,0.000762018796514025,0.000750109271860045,0.0006959674996643281,0.0010963393981153462,0.0008607394841168486,0.0008607394841168486,0.6,1.0,0.0,99.76038338658147,97,0.004115909804053331,0.01676042818579269,0.012981823232806076,0.007918736583661655,0.9415386461833893,6,Strong,candidate,Development-only evidence ordering; compact core also applies family diversity and redundancy
ema20_distance,trend,313,0.017576617923453823,0.020295247276101467,0.15164918003528832,0.11590315173061796,0.8357895131052517,0.5686900958466453,0.43130990415335463,positive,0.00024459658463292267,0.00046994602868116546,0.0009316486033832557,0.0010003989913900727,0.0008954727370819038,0.0006508761524489811,0.0006508761524489811,0.7,0.9996156925540433,0.00038430744595674415,99.72204472843451,97,0.025610799181187627,0.009593609794750163,0.013026220239583544,0.022156184823246352,0.9501950195019502,6,Strong,optional_horizon,Development-only evidence ordering; compact core also applies family diversity and redundancy
ema60_distance,trend,313,0.00625407434333608,0.0046984839438673634,0.1562434438332625,0.04002775534063502,0.28864424864477417,0.5079872204472844,0.49201277955271566,positive,0.0002910440372707191,0.0008851846005315721,0.0008062282758782506,0.0008315875673614876,0.0007209697407093256,0.0004299257034386065,0.0004299257034386065,0.09999999999999999,0.9988470776621297,0.0011529223378703435,99.64536741214057,97,0.016173424617422553,-0.0036020953557562075,0.004229202409069642,0.008291926225899101,0.8983498349834983,4,Moderate,candidate,Development-only evidence ordering; compact core also applies family diversity and redundancy
ema20_60_spread,trend,313,-0.003925084171235954,-0.010465046504650462,0.15422081571166305,-0.025451066077710527,-0.1835302475168149,0.46645367412140576,0.5335463258785943,negative,0.0004951299265898578,0.0008468753065751827,0.0009251182007198528,0.000905179367614701,0.00035554467690393266,-0.0001395852496859251,0.0001395852496859251,-0.09999999999999999,0.9988470776621297,0.0011529223378703435,99.64536741214057,97,0.005039921048545498,-0.012832987446942367,0.0009452646244785801,-0.008826653151538402,0.9098109810981098,1,Weak,candidate,Development-only evidence ordering; compact core also applies family diversity and redundancy
rsi14_centered,trend,313,0.01647827224432827,0.014377610293388163,0.1489030469905963,0.11066443956226715,0.7980126224244798,0.549520766773163,0.4504792332268371,positive,0.00037198475478579485,0.0006278754123868725,0.0007290458364064202,0.0006747017995706783,0.0011320323616060652,0.0007600476068202704,0.0007600476068202704,0.8999999999999998,0.9997117694155324,0.00028823058446758587,99.73162939297124,97,0.02613973001302235,0.006878352423205497,0.016003809387945142,0.016955776529277957,0.9501950195019502,6,Strong,candidate,Development-only evidence ordering; compact core also applies family diversity and redundancy
macd_hist_atr,trend,313,0.021260943095007732,0.03184528006398991,0.13507618324757031,0.15739964354811722,1.1350249711049827,0.5878594249201278,0.41214057507987223,positive,0.0004954509022498625,0.0002640490016100578,0.0007598347885549429,0.0010159133383525825,0.0009980528233985166,0.0005026019211486541,0.0005026019211486541,0.7999999999999999,0.9993274619695757,0.00067253803042433,99.69329073482429,97,0.026170187547024677,0.01638296771593357,0.014535981503580984,0.028029013414584646,0.6399399939993999,6,Strong,core,Development-only evidence ordering; compact core also applies family diversity and redundancy
breakout_position_60,trend,313,0.014366541681312565,0.016801680168016798,0.14927037955784153,0.09624509379468417,0.6940332413771495,0.5591054313099042,0.44089456869009586,positive,0.0004440220724837241,0.0006547887712499472,0.0006860969692911527,0.0006475474712672837,0.0010993042964176367,0.0006552822239339125,0.0006552822239339125,0.7,0.9988470776621297,0.0011529223378703435,99.64536741214057,97,0.027323697723775863,0.0014919152951706832,0.018159909939811196,0.010548856959618432,0.8983498349834983,6,Strong,candidate,Development-only evidence ordering; compact core also applies family diversity and redundancy
trend_r2_20,trend,313,0.002885618173861478,0.0009241034996585046,0.11251987361333211,0.02564540895040226,0.18493167390183693,0.5079872204472844,0.48881789137380194,positive,0.0007650274364969195,0.0007843260488540109,0.0005338154954836347,0.00044952069865430386,0.001011746363065431,0.0002467189265685115,0.0002467189265685115,0.09999999999999999,0.9996156925540433,0.00038430744595674415,99.72204472843451,97,-0.0019514399079169403,0.0076918669684948125,-0.002546126982577806,0.008352182209508703,0.2038095238095238,1,Weak,candidate,Development-only evidence ordering; compact core also applies family diversity and redundancy
realized_vol_5,volatility,313,0.0020852248467530116,-0.006264626462646265,0.1511375826910597,0.013796865145153336,0.09949060944302453,0.48242811501597443,0.5175718849840255,positive,0.0006566936425459823,0.0005408539957863198,0.0011454525743259938,0.0008548076997029939,0.0003504595243607816,-0.00030623411818520073,0.00030623411818520073,-0.19999999999999998,0.9999039231385108,9.607686148915828e-05,99.75079872204473,97,0.023505731189673452,-0.01919884515003418,0.01437759674107077,-0.010285944303297557,0.6631416202844774,1,Weak,candidate,Development-only evidence ordering; compact core also applies family diversity and redundancy
realized_vol_20,volatility,313,-0.005376186996867789,0.013580872986480839,0.17426253356789267,-0.030851077892616697,-0.22247028649032602,0.5175718849840255,0.48242811501597443,negative,0.0007721923893284641,0.0007662500229211267,0.0008700736325744283,0.0007174043487466042,0.00042799008130661205,-0.00034420230802185205,0.00034420230802185205,-0.7,0.9996156925540433,0.00038430744595674415,99.72204472843451,97,0.013975222338438597,-0.02460433894787286,-0.0005211542568500472,-0.010262341741629228,1.0,3,Weak,candidate,Development-only evidence ordering; compact core also applies family diversity and redundancy
vol_ratio_5_20,volatility,313,0.008999913484163255,0.00738073807380738,0.11421923580483222,0.07879507703537358,0.5681993810103491,0.5335463258785943,0.46645367412140576,positive,0.0006256094534729644,0.0005599285673017349,0.0005815746463844318,0.0009125068552207303,0.0008612168243196219,0.0002356073708466575,0.0002356073708466575,0.6,0.9996156925540433,0.00038430744595674415,99.72204472843451,97,0.012424863614323073,0.005596778322985343,0.0112634598537351,0.006721857201965946,0.6387878787878788,5,Moderate,core,Development-only evidence ordering; compact core also applies family diversity and redundancy
parkinson_vol_20,volatility,313,-0.0027113718341746904,-0.00046805242190495693,0.18941808244608194,-0.014314218574916075,-0.10322129808011796,0.4984025559105431,0.5015974440894568,negative,0.0005928322812126208,0.0008674249844599401,0.0009160525829987754,0.0006729439895500589,0.0005025216894588414,-9.031059175377946e-05,9.031059175377946e-05,-0.3,0.9996156925540433,0.00038430744595674415,99.72204472843451,97,0.018275407606623974,-0.023564477520573356,0.003528782472227675,-0.00899152712972066,0.8417161716171617,1,Weak,candidate,Development-only evidence ordering; compact core also applies family diversity and redundancy
overnight_vol_20,volatility,313,-0.0067980433666068735,-0.009390967269671039,0.14973902281337548,-0.04539927694786343,-0.3273788418090237,0.476038338658147,0.5239616613418531,negative,0.0008232514904705489,0.0008236227913527108,0.0007772301527415995,0.0007808108196466967,0.0003426434190008233,-0.00048060807146972564,0.00048060807146972564,-0.7999999999999999,0.9996156925540433,0.00038430744595674415,99.72204472843451,97,0.0010032919067960112,-0.014549688606421205,-0.0062985700060775906,-0.007300718479447241,0.5935433543354336,5,Moderate,candidate,Development-only evidence ordering; compact core also applies family diversity and redundancy
downside_vol_20,volatility,313,-0.012848015867045842,-0.014509625079053663,0.17346755171488304,-0.07406581657509793,-0.5340961988412525,0.46325878594249204,0.536741214057508,negative,0.0008884929611297413,0.0009525577102149186,0.000658202810619675,0.0005583430088616787,0.0005016501728929806,-0.0003868427882367607,0.0003868427882367607,-0.8999999999999998,0.9996156925540433,0.00038430744595674415,99.72204472843451,97,0.002340999682873075,-0.027940286094990746,-0.011114087164432258,-0.014593059497240275,0.8566936693669367,5,Moderate,candidate,Development-only evidence ordering; compact core also applies family diversity and redundancy
volume_zscore_20,volume_liquidity,313,-0.0054904731273598935,-0.00264026402640264,0.11777099241549256,-0.04661991051234134,-0.33618095561957867,0.48562300319488816,0.5143769968051118,negative,0.0006563063433384495,0.0007593915920369174,0.0007257742889874198,0.0008479183126195344,0.0005566016729178629,-9.97046704205866e-05,9.97046704205866e-05,-0.09999999999999999,0.9989431545236189,0.0010568454763810742,99.65495207667732,96,-0.009802722145176702,-0.0012056906637966953,-0.006444479434779508,-0.004530351394892716,0.5563516351635164,3,Weak,candidate,Development-only evidence ordering; compact core also applies family diversity and redundancy
volume_trend_5_20,volume_liquidity,313,-6.359667309796748e-05,-0.0025202520252025204,0.123733425029512,-0.0005139813521107887,-0.00370637223933552,0.48881789137380194,0.5111821086261981,negative,0.0003269146999982605,0.0009128148369976045,0.0008248883423845701,0.0007915451878952345,0.0006851240189834792,0.00035820931898521873,0.00035820931898521873,0.0,0.9996156925540433,0.00038430744595674415,99.72204472843451,97,0.0016659847950472651,-0.0017821616987709382,0.004700174351798003,-0.004857904691743273,0.5563516351635164,2,Weak,candidate,Development-only evidence ordering; compact core also applies family diversity and redundancy
amihud_illiq_20,volume_liquidity,313,0.00794365116886188,0.011389138913891388,0.17416900930299273,0.04560886693133062,0.328890216673453,0.5271565495207667,0.4728434504792332,positive,0.0007260077608840998,0.0005189523545754921,0.001030904715700592,0.00035591876564665235,0.0009161122904742955,0.00019010452959019567,0.00019010452959019567,0.09999999999999999,0.9989431545236189,0.0010568454763810742,99.65495207667732,96,0.028114812312385735,-0.01209903124126373,0.012668808531370576,0.003188204336080698,1.0,3,Weak,candidate,Development-only evidence ordering; compact core also applies family diversity and redundancy
signed_volume_pressure_20,volume_liquidity,313,0.012839505243199874,0.012535629637494643,0.1349872491073498,0.09511643009325381,0.6858943316806253,0.5335463258785943,0.46645367412140576,positive,0.0005052034192322423,0.0005681466453431618,0.0007650637830897962,0.0008351139634788225,0.000869085328224536,0.0003638819089922937,0.0003638819089922937,0.9999999999999999,0.9996156925540433,0.00038430744595674415,99.72204472843451,97,0.0169216027006253,0.008783408406522376,0.019687736902249387,0.005947374663259017,0.7031503150315032,6,Strong,core,Development-only evidence ordering; compact core also applies family diversity and redundancy
volume_cv_20,volume_liquidity,313,-0.003782125996802239,-0.00019802039610168962,0.12918116335968638,-0.029277689551931444,-0.21112442181321026,0.4984025559105431,0.5015974440894568,negative,0.0008435087785974663,0.0006802654220930476,0.0007505225188245519,0.0006989058110828108,0.000571989584084758,-0.00027151919451270836,0.00027151919451270836,-0.7,0.9996156925540433,0.00038430744595674415,99.72204472843451,97,0.0046833564035357175,-0.01219368812707435,-0.0020921740653967714,-0.005482910953409025,0.4910891089108911,3,Weak,candidate,Development-only evidence ordering; compact core also applies family diversity and redundancy
return_volume_corr_20,volume_liquidity,313,0.001878241019960823,-0.00372037203720372,0.12156581200837771,0.015450404920022942,0.11141445433164762,0.48881789137380194,0.5111821086261981,positive,0.0005006977486259816,0.0009324342982977948,0.000564387171147681,0.000551942283539792,0.00100775631720622,0.0005070585685802383,0.0005070585685802383,0.6,0.9989111289031225,0.0010888710968774973,99.65175718849841,96,0.007074471077029239,-0.003284892030374674,0.005142089735752412,-0.0014065298029832774,0.4823042304230423,3,Weak,candidate,Development-only evidence ordering; compact core also applies family diversity and redundancy
close_location_value,candle_location,313,0.010083133465864596,0.015241524152415238,0.12630620771241516,0.0798308622235159,0.5756685342227755,0.5527156549520766,0.4472843450479233,positive,0.0005871980978293704,0.0005851448612294546,0.00033553084255937677,0.000987699265526054,0.0010449950869654476,0.0004577969891360772,0.0004577969891360772,0.6,1.0,0.0,99.76038338658147,97,0.0096363748849168,0.010527046450755398,0.012403085162969504,0.007748310283521836,0.7946078446115711,6,Strong,candidate,Development-only evidence ordering; compact core also applies family diversity and redundancy
body_range_ratio,candle_location,313,0.013594587262373593,0.02066612861133997,0.1265961891390621,0.10738543833606515,0.7743674083177184,0.5846645367412141,0.41214057507987223,positive,0.00016873425176957608,0.0007739298325108632,0.0008721023130713398,0.0006982740477500598,0.0010314174379813643,0.0008626831862117881,0.0008626831862117881,0.7,1.0,0.0,99.76038338658147,97,0.009257045447270617,0.01790450142260331,0.018998570658906415,0.008155962946632228,0.9415386461833893,6,Strong,core,Development-only evidence ordering; compact core also applies family diversity and redundancy
gap_followthrough_20,candle_location,313,-0.004616812300277817,-0.007776777677767775,0.12618176019102925,-0.03658858691849223,-0.2638440524627894,0.48562300319488816,0.5143769968051118,negative,0.000973098029314672,0.0006634668259987114,0.0007847092065711495,0.0005520494327056595,0.0005772491618490155,-0.00039584886746565657,0.00039584886746565657,-0.7999999999999999,0.9996156925540433,0.00038430744595674415,99.72204472843451,97,0.001334577260864513,-0.010530294921540262,-0.008084467103736762,-0.0011269289403864431,0.2673147314731473,4,Moderate,candidate,Development-only evidence ordering; compact core also applies family diversity and redundancy
cs_rank_ret20,cross_sectional_rank,313,0.017586068128646267,0.020024062478525406,0.15078642444441528,0.11662898827559279,0.8410235948662764,0.5463258785942492,0.4536741214057508,positive,0.0002372351019862189,0.0006875484336560152,0.0007222103312121268,0.0009875212699196234,0.0009078043503597923,0.0006705692483735734,0.0006705692483735734,0.8999999999999998,0.9996156925540433,0.00038430744595674415,99.72204472843451,97,0.02430470317390859,0.01091022693717543,0.023159598108529085,0.01197681039248215,1.0,6,Strong,candidate,Duplicate rank representation excluded from default sets
cs_rank_ret60,cross_sectional_rank,313,-0.004605679555498138,-0.013549395587806521,0.14980330399397224,-0.030744846293132896,-0.22170423953229923,0.46645367412140576,0.5335463258785943,negative,0.0005831830509718165,0.0008332890781951113,0.0009848463765441279,0.000624184609877928,0.000508101541839677,-7.50815091321395e-05,7.50815091321395e-05,-0.3,0.9988150520416333,0.0011849479583666556,99.64217252396166,97,0.008142222936605213,-0.017272385216441595,-0.0009518237158138819,-0.008282957548000878,1.0,2,Weak,candidate,Duplicate rank representation excluded from default sets
cs_rank_vol20,cross_sectional_rank,313,-0.005376186996867789,0.013580872986480839,0.17426253356789267,-0.030851077892616697,-0.22247028649032602,0.5175718849840255,0.48242811501597443,negative,0.0007721923893284641,0.0007662500229211267,0.0008700736325744283,0.0007174043487466042,0.00042799008130661205,-0.00034420230802185205,0.00034420230802185205,-0.7,0.9996156925540433,0.00038430744595674415,99.72204472843451,97,0.013975222338438597,-0.02460433894787286,-0.0005211542568500472,-0.010262341741629228,1.0,3,Weak,candidate,Duplicate rank representation excluded from default sets
cs_rank_amihud20,cross_sectional_rank,313,0.00794365116886188,0.011389138913891388,0.17416900930299273,0.04560886693133062,0.328890216673453,0.5271565495207667,0.4728434504792332,positive,0.0007260077608840998,0.0005189523545754921,0.001030904715700592,0.00035591876564665235,0.0009161122904742955,0.00019010452959019567,0.00019010452959019567,0.09999999999999999,0.9989431545236189,0.0010568454763810742,99.65495207667732,96,0.028114812312385735,-0.01209903124126373,0.012668808531370576,0.003188204336080698,1.0,3,Weak,candidate,Duplicate rank representation excluded from default sets
return_autocorr_20,persistence,313,-0.00092201898676424,-0.007891025836910221,0.120071200276854,-0.007678935370332736,-0.05537359043741747,0.4696485623003195,0.5303514376996805,negative,0.0004874080699746428,0.0010172989171436727,0.0005511695418087849,0.0009692983069224605,0.0005160157702808965,2.8607700306253626e-05,2.8607700306253626e-05,0.09999999999999999,0.9995836669335468,0.00041633306645316726,99.71884984025559,97,0.004865216573453812,-0.006672393173987271,0.0009535593631561684,-0.0028096202748251627,0.07027902790279028,1,Weak,candidate,Development-only evidence ordering; compact core also applies family diversity and redundancy
revenue_growth_yoy,fundamental,313,-0.007912590315705448,-0.01757224658216166,0.15044054670353177,-0.05259612843137648,-0.3792760759004345,0.4536741214057508,0.5463258785942492,negative,0.0006622736285402545,0.0012881271721256193,0.0009408109150101396,0.0006987922026903438,0.0006577496585500572,-4.523969990197305e-06,4.523969990197305e-06,-0.39999999999999997,0.610408326661329,0.38959167333867095,60.894568690095845,45,-0.014365593217198689,-0.0015006893435210765,-0.008442110977517459,-0.007379675290676689,0.4212428173686393,4,Moderate,candidate,Development-only evidence ordering; compact core also applies family diversity and redundancy
gross_margin_change_yoy,fundamental,313,-0.011992219139303416,-0.0207638002393171,0.13572581620168478,-0.08835621309864376,-0.6371457136659661,0.45686900958466453,0.5399361022364217,negative,0.0009509908013717154,0.0008449184302359202,0.0009019690043567234,0.0006856712959192499,0.000783978769693899,-0.00016701203167781642,0.00016701203167781642,-0.7999999999999999,0.5743795036028823,0.42562049639711774,57.30031948881789,42,-0.02373153976744016,-0.00032767125402104907,-0.02255317580992357,-0.0013635640284869787,0.05470185468316621,5,Moderate,optional_fundamental,Development-only evidence ordering; compact core also applies family diversity and redundancy
operating_profitability,fundamental,313,0.004534880131153525,-0.0019364444323463307,0.14934677125071996,0.03036476847256692,0.21896345939086476,0.4952076677316294,0.5047923322683706,positive,0.0006845624584271577,0.0004337439529816234,0.0006605064510779973,0.0006651583230183717,0.000919432151702627,0.00023486969327546933,0.00023486969327546933,0.39999999999999997,0.7294475580464371,0.27055244195356287,72.76996805111821,62,-0.0011853535327341846,0.010218679185717108,0.0060810794017379915,0.0029787693267832624,0.6619763738257469,2,Weak,candidate,Development-only evidence ordering; compact core also applies family diversity and redundancy
cashflow_to_assets,fundamental,313,0.00032024531113423175,0.001594821522463707,0.15968519988363788,0.002005478975932607,0.014461714559180052,0.5047923322683706,0.4952076677316294,positive,0.0005665469629907054,0.0008251340396165216,0.00041577615904911516,0.000729541234456423,0.000920468553830595,0.0003539215908398896,0.0003539215908398896,0.49999999999999994,0.6519775820656525,0.3480224179343475,65.04153354632588,36,-0.002578385085115317,0.0032004130933949303,0.004037013180739754,-0.003420347993532872,0.6619763738257469,2,Weak,candidate,Development-only evidence ordering; compact core also applies family diversity and redundancy
debt_to_assets,fundamental,313,-0.001904125225270342,0.0009819198723931479,0.139853950800795,-0.013615097852920421,-0.0981798668583285,0.5047923322683706,0.4952076677316294,negative,0.00037427122835838333,0.0010191678530724346,0.0009161290836120168,0.0009951156646412543,0.00041534485753884094,4.10736291804576e-05,4.10736291804576e-05,0.09999999999999999,0.5295756605284228,0.47042433947157725,52.83067092651757,48,0.0006611684232284548,-0.004453079423778701,0.0064483292676643985,-0.010310121093159793,0.1546264113722367,1,Weak,candidate,Development-only evidence ordering; compact core also applies family diversity and redundancy
asset_growth_yoy,fundamental,313,-0.0020350482815954586,-0.0002782045688833218,0.1239582012155869,-0.016417213719132004,-0.1183862117291626,0.4984025559105431,0.5015974440894568,negative,0.0007755753327717856,0.0005296498029903023,0.0010464821459234756,0.0006357259289531903,0.0004698416848518698,-0.00030573364791991583,0.00030573364791991583,-0.49999999999999994,0.7949079263410729,0.20509207365892712,79.30031948881789,68,-1.0138475652301014e-06,-0.004056127082287915,-0.0017462715591814197,-0.002325676136845484,0.4212428173686393,3,Weak,candidate,Development-only evidence ordering; compact core also applies family diversity and redundancy
